id,value,count,filename,land_policy,accretion,slr_scenario,yr,acres
Citrus,1100,74552252.47,tbcmp_baseline_by_county,baseline,baseline,baseline,2025,73689.09
Citrus,1200,44069252.18,tbcmp_baseline_by_county,baseline,baseline,baseline,2025,43559.02
Citrus,1800,979179,tbcmp_baseline_by_county,baseline,baseline,baseline,2025,967.84
Citrus,1820,2297392,tbcmp_baseline_by_county,baseline,baseline,baseline,2025,2270.79
Citrus,1900,22097252.75,tbcmp_baseline_by_county,baseline,baseline,baseline,2025,21841.41
Citrus,2100,30855930.76,tbcmp_baseline_by_county,baseline,baseline,baseline,2025,30498.68
Citrus,2200,28932,tbcmp_baseline_by_county,baseline,baseline,baseline,2025,28.6
Citrus,2400,457637.14,tbcmp_baseline_by_county,baseline,baseline,baseline,2025,452.34
Citrus,3200,3886985.29,tbcmp_baseline_by_county,baseline,baseline,baseline,2025,3841.98
Citrus,4100,101997513.5,tbcmp_baseline_by_county,baseline,baseline,baseline,2025,100816.6
Citrus,4400,12022231.39,tbcmp_baseline_by_county,baseline,baseline,baseline,2025,11883.04
Citrus,5200,7945131.44,tbcmp_baseline_by_county,baseline,baseline,baseline,2025,7853.14
Citrus,5400,74790186.34,tbcmp_baseline_by_county,baseline,baseline,baseline,2025,73924.27
Citrus,6110,41122464.97,tbcmp_baseline_by_county,baseline,baseline,baseline,2025,40646.35
Citrus,6120,27195,tbcmp_baseline_by_county,baseline,baseline,baseline,2025,26.88
Citrus,6410,26910929.13,tbcmp_baseline_by_county,baseline,baseline,baseline,2025,26599.35
Citrus,6420,28833904.66,tbcmp_baseline_by_county,baseline,baseline,baseline,2025,28500.07
Citrus,6600,14950,tbcmp_baseline_by_county,baseline,baseline,baseline,2025,14.78
Citrus,7100,4953,tbcmp_baseline_by_county,baseline,baseline,baseline,2025,4.9
Citrus,9113,149182046.4,tbcmp_baseline_by_county,baseline,baseline,baseline,2025,147454.8
Hernando,1100,44955001.89,tbcmp_baseline_by_county,baseline,baseline,baseline,2025,44434.51
Hernando,1200,56864112.51,tbcmp_baseline_by_county,baseline,baseline,baseline,2025,56205.74
Hernando,1800,983134.81,tbcmp_baseline_by_county,baseline,baseline,baseline,2025,971.75
Hernando,1820,2193723,tbcmp_baseline_by_county,baseline,baseline,baseline,2025,2168.32
Hernando,1900,17115906.45,tbcmp_baseline_by_county,baseline,baseline,baseline,2025,16917.74
Hernando,2100,33927243.13,tbcmp_baseline_by_county,baseline,baseline,baseline,2025,33534.43
Hernando,2200,303298.23,tbcmp_baseline_by_county,baseline,baseline,baseline,2025,299.79
Hernando,2400,1078383.86,tbcmp_baseline_by_county,baseline,baseline,baseline,2025,1065.9
Hernando,3200,3869144.66,tbcmp_baseline_by_county,baseline,baseline,baseline,2025,3824.35
Hernando,4100,79938907.57,tbcmp_baseline_by_county,baseline,baseline,baseline,2025,79013.37
Hernando,4400,11936005.27,tbcmp_baseline_by_county,baseline,baseline,baseline,2025,11797.81
Hernando,5200,3730625.32,tbcmp_baseline_by_county,baseline,baseline,baseline,2025,3687.43
Hernando,5400,4487101.99,tbcmp_baseline_by_county,baseline,baseline,baseline,2025,4435.15
Hernando,6110,37310852.51,tbcmp_baseline_by_county,baseline,baseline,baseline,2025,36878.87
Hernando,6120,101530,tbcmp_baseline_by_county,baseline,baseline,baseline,2025,100.35
Hernando,6410,11241538.87,tbcmp_baseline_by_county,baseline,baseline,baseline,2025,11111.38
Hernando,6420,9143529.29,tbcmp_baseline_by_county,baseline,baseline,baseline,2025,9037.67
Hernando,6600,157334,tbcmp_baseline_by_county,baseline,baseline,baseline,2025,155.51
Hernando,7100,15224,tbcmp_baseline_by_county,baseline,baseline,baseline,2025,15.05
Hernando,9113,143871205.9,tbcmp_baseline_by_county,baseline,baseline,baseline,2025,142205.5
Hillsborough,1100,66852064.22,tbcmp_baseline_by_county,baseline,baseline,baseline,2025,66078.05
Hillsborough,1200,249766358.5,tbcmp_baseline_by_county,baseline,baseline,baseline,2025,246874.6
Hillsborough,1800,5632326.25,tbcmp_baseline_by_county,baseline,baseline,baseline,2025,5567.12
Hillsborough,1820,5351814.3,tbcmp_baseline_by_county,baseline,baseline,baseline,2025,5289.85
Hillsborough,1900,57864787.2,tbcmp_baseline_by_county,baseline,baseline,baseline,2025,57194.83
Hillsborough,2100,88070192.42,tbcmp_baseline_by_county,baseline,baseline,baseline,2025,87050.52
Hillsborough,2200,1997642.08,tbcmp_baseline_by_county,baseline,baseline,baseline,2025,1974.51
Hillsborough,2400,4448305.87,tbcmp_baseline_by_county,baseline,baseline,baseline,2025,4396.8
Hillsborough,3200,16121303.4,tbcmp_baseline_by_county,baseline,baseline,baseline,2025,15934.65
Hillsborough,4100,39134941.16,tbcmp_baseline_by_county,baseline,baseline,baseline,2025,38681.84
Hillsborough,4400,6657895.01,tbcmp_baseline_by_county,baseline,baseline,baseline,2025,6580.81
Hillsborough,5200,28807482.79,tbcmp_baseline_by_county,baseline,baseline,baseline,2025,28473.95
Hillsborough,5400,158798832.7,tbcmp_baseline_by_county,baseline,baseline,baseline,2025,156960.3
Hillsborough,6110,82350585.44,tbcmp_baseline_by_county,baseline,baseline,baseline,2025,81397.13
Hillsborough,6120,7237463.95,tbcmp_baseline_by_county,baseline,baseline,baseline,2025,7153.67
Hillsborough,6410,27806878.67,tbcmp_baseline_by_county,baseline,baseline,baseline,2025,27484.93
Hillsborough,6420,2673598.22,tbcmp_baseline_by_county,baseline,baseline,baseline,2025,2642.64
Hillsborough,6600,492040,tbcmp_baseline_by_county,baseline,baseline,baseline,2025,486.34
Hillsborough,7100,17220,tbcmp_baseline_by_county,baseline,baseline,baseline,2025,17.02
Hillsborough,9113,9678426.12,tbcmp_baseline_by_county,baseline,baseline,baseline,2025,9566.37
Manatee,1100,30919362.67,tbcmp_baseline_by_county,baseline,baseline,baseline,2025,30561.38
Manatee,1200,97418948.33,tbcmp_baseline_by_county,baseline,baseline,baseline,2025,96291.03
Manatee,1800,3405142.33,tbcmp_baseline_by_county,baseline,baseline,baseline,2025,3365.72
Manatee,1820,4020601,tbcmp_baseline_by_county,baseline,baseline,baseline,2025,3974.05
Manatee,1900,29239405.39,tbcmp_baseline_by_county,baseline,baseline,baseline,2025,28900.87
Manatee,2100,119606340.1,tbcmp_baseline_by_county,baseline,baseline,baseline,2025,118221.5
Manatee,2200,11637081.01,tbcmp_baseline_by_county,baseline,baseline,baseline,2025,11502.35
Manatee,2400,2813242,tbcmp_baseline_by_county,baseline,baseline,baseline,2025,2780.67
Manatee,3200,48370988.27,tbcmp_baseline_by_county,baseline,baseline,baseline,2025,47810.95
Manatee,4100,37689318.13,tbcmp_baseline_by_county,baseline,baseline,baseline,2025,37252.95
Manatee,4400,3206983.5,tbcmp_baseline_by_county,baseline,baseline,baseline,2025,3169.85
Manatee,5200,17356635.45,tbcmp_baseline_by_county,baseline,baseline,baseline,2025,17155.68
Manatee,5400,123921474.7,tbcmp_baseline_by_county,baseline,baseline,baseline,2025,122486.7
Manatee,6110,39478648.62,tbcmp_baseline_by_county,baseline,baseline,baseline,2025,39021.56
Manatee,6120,5050220.24,tbcmp_baseline_by_county,baseline,baseline,baseline,2025,4991.75
Manatee,6410,33022664.72,tbcmp_baseline_by_county,baseline,baseline,baseline,2025,32640.33
Manatee,6420,1721789.81,tbcmp_baseline_by_county,baseline,baseline,baseline,2025,1701.86
Manatee,6600,164112,tbcmp_baseline_by_county,baseline,baseline,baseline,2025,162.21
Manatee,7100,14072,tbcmp_baseline_by_county,baseline,baseline,baseline,2025,13.91
Manatee,9113,15149843.32,tbcmp_baseline_by_county,baseline,baseline,baseline,2025,14974.44
Pasco,1100,55235550.19,tbcmp_baseline_by_county,baseline,baseline,baseline,2025,54596.03
Pasco,1200,98893039.53,tbcmp_baseline_by_county,baseline,baseline,baseline,2025,97748.06
Pasco,1800,2283371.19,tbcmp_baseline_by_county,baseline,baseline,baseline,2025,2256.93
Pasco,1820,3003427.32,tbcmp_baseline_by_county,baseline,baseline,baseline,2025,2968.65
Pasco,1900,22687348.76,tbcmp_baseline_by_county,baseline,baseline,baseline,2025,22424.67
Pasco,2100,80104039.01,tbcmp_baseline_by_county,baseline,baseline,baseline,2025,79176.59
Pasco,2200,1292549,tbcmp_baseline_by_county,baseline,baseline,baseline,2025,1277.58
Pasco,2400,582572.76,tbcmp_baseline_by_county,baseline,baseline,baseline,2025,575.83
Pasco,3200,13839445.66,tbcmp_baseline_by_county,baseline,baseline,baseline,2025,13679.21
Pasco,4100,63532195.08,tbcmp_baseline_by_county,baseline,baseline,baseline,2025,62796.62
Pasco,4400,18555755.76,tbcmp_baseline_by_county,baseline,baseline,baseline,2025,18340.92
Pasco,5200,15924690.59,tbcmp_baseline_by_county,baseline,baseline,baseline,2025,15740.31
Pasco,5400,55244662.64,tbcmp_baseline_by_county,baseline,baseline,baseline,2025,54605.04
Pasco,6110,72079059.61,tbcmp_baseline_by_county,baseline,baseline,baseline,2025,71244.53
Pasco,6120,1028684.64,tbcmp_baseline_by_county,baseline,baseline,baseline,2025,1016.78
Pasco,6410,39941326.83,tbcmp_baseline_by_county,baseline,baseline,baseline,2025,39478.89
Pasco,6420,4271810.89,tbcmp_baseline_by_county,baseline,baseline,baseline,2025,4222.35
Pasco,6600,365274,tbcmp_baseline_by_county,baseline,baseline,baseline,2025,361.04
Pasco,7100,33036.46,tbcmp_baseline_by_county,baseline,baseline,baseline,2025,32.65
Pasco,9113,108046027.8,tbcmp_baseline_by_county,baseline,baseline,baseline,2025,106795.1
Pinellas,1100,4634433.2,tbcmp_baseline_by_county,baseline,baseline,baseline,2025,4580.78
Pinellas,1200,131342161.4,tbcmp_baseline_by_county,baseline,baseline,baseline,2025,129821.5
Pinellas,1800,6794495.75,tbcmp_baseline_by_county,baseline,baseline,baseline,2025,6715.83
Pinellas,1820,4412915.38,tbcmp_baseline_by_county,baseline,baseline,baseline,2025,4361.82
Pinellas,1900,3206603.19,tbcmp_baseline_by_county,baseline,baseline,baseline,2025,3169.48
Pinellas,2100,593801.09,tbcmp_baseline_by_county,baseline,baseline,baseline,2025,586.93
Pinellas,2400,47940,tbcmp_baseline_by_county,baseline,baseline,baseline,2025,47.38
Pinellas,3200,863365.39,tbcmp_baseline_by_county,baseline,baseline,baseline,2025,853.37
Pinellas,4100,6614562.9,tbcmp_baseline_by_county,baseline,baseline,baseline,2025,6537.98
Pinellas,4400,231350,tbcmp_baseline_by_county,baseline,baseline,baseline,2025,228.67
Pinellas,5200,8600781.71,tbcmp_baseline_by_county,baseline,baseline,baseline,2025,8501.2
Pinellas,5400,341120419.5,tbcmp_baseline_by_county,baseline,baseline,baseline,2025,337170.9
Pinellas,6110,8946477.08,tbcmp_baseline_by_county,baseline,baseline,baseline,2025,8842.9
Pinellas,6120,5679674.6,tbcmp_baseline_by_county,baseline,baseline,baseline,2025,5613.92
Pinellas,6410,2853438.25,tbcmp_baseline_by_county,baseline,baseline,baseline,2025,2820.4
Pinellas,6420,834980.01,tbcmp_baseline_by_county,baseline,baseline,baseline,2025,825.31
Pinellas,6600,18214,tbcmp_baseline_by_county,baseline,baseline,baseline,2025,18
Pinellas,7100,169278.54,tbcmp_baseline_by_county,baseline,baseline,baseline,2025,167.32
Pinellas,9113,34303324.5,tbcmp_baseline_by_county,baseline,baseline,baseline,2025,33906.16
