"id","value","count","acres","land_policy","accretion","slr_scenario","yr"
"Citrus",1100,74552252.4725577,73689.0864934304,"baseline","baseline","baseline",2025
"Citrus",1200,44069252.1825696,43559.0183807998,"baseline","baseline","baseline",2025
"Citrus",1800,979179,967.842065538,"baseline","baseline","baseline",2025
"Citrus",1820,2297392,2270.792795424,"baseline","baseline","baseline",2025
"Citrus",1900,22097252.7531232,21841.4107607476,"baseline","baseline","baseline",2025
"Citrus",2100,30855930.7563004,30498.680790004,"baseline","baseline","baseline",2025
"Citrus",2200,28932,28.597025304,"baseline","baseline","baseline",2025
"Citrus",2400,457637.144609444,452.338621749156,"baseline","baseline","baseline",2025
"Citrus",3200,3886985.28719817,3841.98177154299,"baseline","baseline","baseline",2025
"Citrus",4100,101997513.467217,100816.586256293,"baseline","baseline","baseline",2025
"Citrus",4400,12022231.3867797,11883.0379917836,"baseline","baseline","baseline",2025
"Citrus",5200,7945131.44364467,7853.14271179016,"baseline","baseline","baseline",2025
"Citrus",5400,67853452.0371851,67067.8447694985,"baseline","baseline","baseline",2025
"Citrus",6110,41122464.9674774,40646.349068084,"baseline","baseline","baseline",2025
"Citrus",6120,27195,26.88013629,"baseline","baseline","baseline",2025
"Citrus",6410,26910929.1278452,26599.354390403,"baseline","baseline","baseline",2025
"Citrus",6420,28833904.6582336,28500.0657101006,"baseline","baseline","baseline",2025
"Citrus",6510,6936734.29819182,6856.42078848736,"baseline","baseline","baseline",2025
"Citrus",6600,14950,14.7769089,"baseline","baseline","baseline",2025
"Citrus",7100,4953,4.895654166,"baseline","baseline","baseline",2025
"Citrus",9113,149182046.442422,147454.816708711,"baseline","baseline","baseline",2025
"Hernando",1100,44955001.887852,44434.5128759945,"baseline","baseline","baseline",2025
"Hernando",1200,56864112.5125195,56205.7398178495,"baseline","baseline","baseline",2025
"Hernando",1800,983134.81001071,971.752075180406,"baseline","baseline","baseline",2025
"Hernando",1820,2193723,2168.324075106,"baseline","baseline","baseline",2025
"Hernando",1900,17115906.4484972,16917.7384836365,"baseline","baseline","baseline",2025
"Hernando",2100,33927243.1349514,33534.4335139349,"baseline","baseline","baseline",2025
"Hernando",2200,303298.22932639,299.786642427249,"baseline","baseline","baseline",2025
"Hernando",2400,1078383.85539069,1065.89832711297,"baseline","baseline","baseline",2025
"Hernando",3200,3869144.66466477,3824.34770773728,"baseline","baseline","baseline",2025
"Hernando",4100,79938907.5681778,79013.3748963534,"baseline","baseline","baseline",2025
"Hernando",4400,11936005.26538,11797.8101964175,"baseline","baseline","baseline",2025
"Hernando",5200,3730625.31704336,3687.43213712263,"baseline","baseline","baseline",2025
"Hernando",5400,2596130.05458934,2566.0720608173,"baseline","baseline","baseline",2025
"Hernando",6110,37310852.5063812,36878.8674560623,"baseline","baseline","baseline",2025
"Hernando",6120,101530,100.35448566,"baseline","baseline","baseline",2025
"Hernando",6410,11241538.8738302,11111.384336749,"baseline","baseline","baseline",2025
"Hernando",6420,9143529.28702127,9037.66550493614,"baseline","baseline","baseline",2025
"Hernando",6510,1890971.93729858,1869.07826420853,"baseline","baseline","baseline",2025
"Hernando",6600,157334,155.512386948,"baseline","baseline","baseline",2025
"Hernando",7100,15224,15.047736528,"baseline","baseline","baseline",2025
"Hernando",9113,143871205.88722,142205.465065458,"baseline","baseline","baseline",2025
"Hillsborough",1100,66852064.2169393,66078.0510174356,"baseline","baseline","baseline",2025
"Hillsborough",1200,249766358.447202,246874.5635491,"baseline","baseline","baseline",2025
"Hillsborough",1800,5632326.2459668,5567.115172691,"baseline","baseline","baseline",2025
"Hillsborough",1820,5351814.3004188,5289.85099444855,"baseline","baseline","baseline",2025
"Hillsborough",1900,57864787.2010321,57194.8286948186,"baseline","baseline","baseline",2025
"Hillsborough",2100,88070192.424189,87050.5157363017,"baseline","baseline","baseline",2025
"Hillsborough",2200,1997642.07777043,1974.513377794,"baseline","baseline","baseline",2025
"Hillsborough",2400,4448305.87080975,4396.80338543751,"baseline","baseline","baseline",2025
"Hillsborough",3200,16121303.400058,15934.6509492922,"baseline","baseline","baseline",2025
"Hillsborough",4100,39134941.16444,38681.8368156381,"baseline","baseline","baseline",2025
"Hillsborough",4400,6657895.00506049,6580.80989669191,"baseline","baseline","baseline",2025
"Hillsborough",5200,28807482.7937101,28473.9497579245,"baseline","baseline","baseline",2025
"Hillsborough",5400,147284698.213171,145579.435977259,"baseline","baseline","baseline",2025
"Hillsborough",6110,82350585.4449344,81397.130366653,"baseline","baseline","baseline",2025
"Hillsborough",6120,7237463.94822337,7153.66859063084,"baseline","baseline","baseline",2025
"Hillsborough",6410,27806878.6681931,27484.9306269727,"baseline","baseline","baseline",2025
"Hillsborough",6420,2673598.21509622,2642.64329496184,"baseline","baseline","baseline",2025
"Hillsborough",6510,11514134.5292481,11380.8238796685,"baseline","baseline","baseline",2025
"Hillsborough",6600,492040,486.34316088,"baseline","baseline","baseline",2025
"Hillsborough",7100,17220,17.02062684,"baseline","baseline","baseline",2025
"Hillsborough",9113,9678426.12285504,9566.36930520462,"baseline","baseline","baseline",2025
"Manatee",1100,30919362.6733606,30561.3782923284,"baseline","baseline","baseline",2025
"Manatee",1200,97418948.3342035,96291.0317503901,"baseline","baseline","baseline",2025
"Manatee",1800,3405142.33498503,3365.71759703058,"baseline","baseline","baseline",2025
"Manatee",1820,4020601,3974.050481622,"baseline","baseline","baseline",2025
"Manatee",1900,29239405.3932459,28900.8715576029,"baseline","baseline","baseline",2025
"Manatee",2100,119606340.107676,118221.53790191,"baseline","baseline","baseline",2025
"Manatee",2200,11637081.0093756,11502.346885449,"baseline","baseline","baseline",2025
"Manatee",2400,2813242,2780.670284124,"baseline","baseline","baseline",2025
"Manatee",3200,48370988.272896,47810.9489706724,"baseline","baseline","baseline",2025
"Manatee",4100,37689318.1253553,37252.9512000999,"baseline","baseline","baseline",2025
"Manatee",4400,3206983.49775464,3169.85304281764,"baseline","baseline","baseline",2025
"Manatee",5200,17356635.4476194,17155.6803224069,"baseline","baseline","baseline",2025
"Manatee",5400,117872667.738407,116507.937991332,"baseline","baseline","baseline",2025
"Manatee",6110,39478648.6240776,39021.5648303081,"baseline","baseline","baseline",2025
"Manatee",6120,5050220.23614648,4991.74878625238,"baseline","baseline","baseline",2025
"Manatee",6410,33022664.7215175,32640.3283093718,"baseline","baseline","baseline",2025
"Manatee",6420,1721789.8062717,1701.85492389469,"baseline","baseline","baseline",2025
"Manatee",6510,6048806.96833433,5978.77388125495,"baseline","baseline","baseline",2025
"Manatee",6600,164112,162.211911264,"baseline","baseline","baseline",2025
"Manatee",7100,14072,13.909074384,"baseline","baseline","baseline",2025
"Manatee",9113,15149843.3189483,14974.4384330015,"baseline","baseline","baseline",2025
"Pasco",1100,55235550.1854702,54596.0329854229,"baseline","baseline","baseline",2025
"Pasco",1200,98893039.5322966,97748.0559205917,"baseline","baseline","baseline",2025
"Pasco",1800,2283371.18998924,2256.93431835155,"baseline","baseline","baseline",2025
"Pasco",1820,3003427.31661564,2968.65363514386,"baseline","baseline","baseline",2025
"Pasco",1900,22687348.758633,22424.6746347055,"baseline","baseline","baseline",2025
"Pasco",2100,80104039.0081332,79176.594444497,"baseline","baseline","baseline",2025
"Pasco",2200,1292548.995649,1277.58386337737,"baseline","baseline","baseline",2025
"Pasco",2400,582572.764420967,575.827736954501,"baseline","baseline","baseline",2025
"Pasco",3200,13839445.6592234,13679.2125573809,"baseline","baseline","baseline",2025
"Pasco",4100,63532195.0789529,62796.6193243288,"baseline","baseline","baseline",2025
"Pasco",4400,18555755.7638736,18340.9172236394,"baseline","baseline","baseline",2025
"Pasco",5200,15924690.5908034,15740.3145231431,"baseline","baseline","baseline",2025
"Pasco",5400,53196396.416094,52580.4885383885,"baseline","baseline","baseline",2025
"Pasco",6110,72079059.6114365,71244.5282592553,"baseline","baseline","baseline",2025
"Pasco",6120,1028684.63877863,1016.77452803085,"baseline","baseline","baseline",2025
"Pasco",6410,39941326.8312377,39478.8861491856,"baseline","baseline","baseline",2025
"Pasco",6420,4271810.89473071,4222.35186819152,"baseline","baseline","baseline",2025
"Pasco",6510,2048266.22603823,2024.55139967316,"baseline","baseline","baseline",2025
"Pasco",6600,365274,361.044857628,"baseline","baseline","baseline",2025
"Pasco",7100,33036.4582728534,32.6539621589703,"baseline","baseline","baseline",2025
"Pasco",9113,108046027.815043,106795.070905001,"baseline","baseline","baseline",2025
"Pinellas",1100,4634433.2048265,4580.77573718102,"baseline","baseline","baseline",2025
"Pinellas",1200,131342161.41988,129821.48187496,"baseline","baseline","baseline",2025
"Pinellas",1800,6794495.75403347,6715.82908219327,"baseline","baseline","baseline",2025
"Pinellas",1820,4412915.38296529,4361.82264866132,"baseline","baseline","baseline",2025
"Pinellas",1900,3206603.19409429,3169.47714231307,"baseline","baseline","baseline",2025
"Pinellas",2100,593801.090640014,586.926061612584,"baseline","baseline","baseline",2025
"Pinellas",2400,47940,47.38495068,"baseline","baseline","baseline",2025
"Pinellas",3200,863365.389386285,853.369344907971,"baseline","baseline","baseline",2025
"Pinellas",4100,6614562.89885081,6537.97948960791,"baseline","baseline","baseline",2025
"Pinellas",4400,231350,228.6714297,"baseline","baseline","baseline",2025
"Pinellas",5200,8600781.70701331,8501.20185640951,"baseline","baseline","baseline",2025
"Pinellas",5400,323979146.079109,320228.115525805,"baseline","baseline","baseline",2025
"Pinellas",6110,8946477.08157545,8842.89476992497,"baseline","baseline","baseline",2025
"Pinellas",6120,5679674.60427683,5613.91533170851,"baseline","baseline","baseline",2025
"Pinellas",6410,2853438.25179709,2820.40114371778,"baseline","baseline","baseline",2025
"Pinellas",6420,834980.012795132,825.31261420699,"baseline","baseline","baseline",2025
"Pinellas",6510,17141273.4293088,16942.8117655443,"baseline","baseline","baseline",2025
"Pinellas",6600,18214,18.003118308,"baseline","baseline","baseline",2025
"Pinellas",7100,169278.541727192,167.318634771075,"baseline","baseline","baseline",2025
"Pinellas",9113,34303324.4977524,33906.1606067175,"baseline","baseline","baseline",2025
"Sarasota",1100,27479308.3240207,27161.1528922452,"baseline","baseline","baseline",2025
"Sarasota",1200,100749666.396285,99583.1867587492,"baseline","baseline","baseline",2025
"Sarasota",1800,4046107.55020796,3999.26171699165,"baseline","baseline","baseline",2025
"Sarasota",1820,5293425,5232.13772535,"baseline","baseline","baseline",2025
"Sarasota",1900,18782610.2002291,18565.1451393308,"baseline","baseline","baseline",2025
"Sarasota",2100,38381183.8139694,37936.8064677713,"baseline","baseline","baseline",2025
"Sarasota",2200,1372724.98012935,1356.83157030942,"baseline","baseline","baseline",2025
"Sarasota",2400,1123781,1110.769863582,"baseline","baseline","baseline",2025
"Sarasota",3200,33974860.8247675,33581.4998861383,"baseline","baseline","baseline",2025
"Sarasota",4100,55409272.4028076,54767.7438469279,"baseline","baseline","baseline",2025
"Sarasota",4400,810789.623792028,801.402301527764,"baseline","baseline","baseline",2025
"Sarasota",5200,14118808.2617874,13955.3406997324,"baseline","baseline","baseline",2025
"Sarasota",5400,251029662.89034,248123.241453396,"baseline","baseline","baseline",2025
"Sarasota",6110,22304691.8416799,22046.448119537,"baseline","baseline","baseline",2025
"Sarasota",6120,792826.744633943,783.647396584571,"baseline","baseline","baseline",2025
"Sarasota",6410,46939257.184876,46395.7944651895,"baseline","baseline","baseline",2025
"Sarasota",6420,989684.261647188,978.225697265837,"baseline","baseline","baseline",2025
"Sarasota",6510,2733758.770062,2702.10731102222,"baseline","baseline","baseline",2025
"Sarasota",6600,6882,6.802320204,"baseline","baseline","baseline",2025
"Sarasota",9113,5327459.20803097,5265.77788532039,"baseline","baseline","baseline",2025
"Sarasota",NA,0.000136239221319556,1.34661843615118e-07,"baseline","baseline","baseline",2025
