"id","value","count","basin_name","basin_huc8","basin_huc","basin_feat","filename","land_policy","accretion","slr_scenario","yr","acres"
"COASTAL_Citrus",1900,88082,"Citrus Coastal Waters",NA,NA,"COASTAL","tbcmp_baseline_baseline_baseline_2025","baseline","baseline","baseline",2025,87.062144676968
"COASTAL_Citrus",3200,186,"Citrus Coastal Waters",NA,NA,"COASTAL","tbcmp_baseline_baseline_baseline_2025","baseline","baseline","baseline",2025,0.183846403464
"COASTAL_Citrus",4100,205,"Citrus Coastal Waters",NA,NA,"COASTAL","tbcmp_baseline_baseline_baseline_2025","baseline","baseline","baseline",2025,0.20262641242
"COASTAL_Citrus",5200,2,"Citrus Coastal Waters",NA,NA,"COASTAL","tbcmp_baseline_baseline_baseline_2025","baseline","baseline","baseline",2025,0.001976843048
"COASTAL_Citrus",5400,59836432,"Citrus Coastal Waters",NA,NA,"COASTAL","tbcmp_baseline_baseline_baseline_2025","baseline","baseline","baseline",2025,59143.6173081624
"COASTAL_Citrus",6110,1880,"Citrus Coastal Waters",NA,NA,"COASTAL","tbcmp_baseline_baseline_baseline_2025","baseline","baseline","baseline",2025,1.85823246512
"COASTAL_Citrus",6120,25515,"Citrus Coastal Waters",NA,NA,"COASTAL","tbcmp_baseline_baseline_baseline_2025","baseline","baseline","baseline",2025,25.21957518486
"COASTAL_Citrus",6420,1076094,"Citrus Coastal Waters",NA,NA,"COASTAL","tbcmp_baseline_baseline_baseline_2025","baseline","baseline","baseline",2025,1063.63447144726
"COASTAL_Citrus",6510,5228427,"Citrus Coastal Waters",NA,NA,"COASTAL","tbcmp_baseline_baseline_baseline_2025","baseline","baseline","baseline",2025,5167.88978346275
"COASTAL_Citrus",7100,142,"Citrus Coastal Waters",NA,NA,"COASTAL","tbcmp_baseline_baseline_baseline_2025","baseline","baseline","baseline",2025,0.140355856408
"COASTAL_Citrus",9113,137305867,"Citrus Coastal Waters",NA,NA,"COASTAL","tbcmp_baseline_baseline_baseline_2025","baseline","baseline","baseline",2025,135716.074314281
"COASTAL_Hernando",1100,37,"Hernando Coastal Waters",NA,NA,"COASTAL","tbcmp_baseline_baseline_baseline_2025","baseline","baseline","baseline",2025,0.036571596388
"COASTAL_Hernando",1200,702,"Hernando Coastal Waters",NA,NA,"COASTAL","tbcmp_baseline_baseline_baseline_2025","baseline","baseline","baseline",2025,0.693871909848
"COASTAL_Hernando",1800,2532,"Hernando Coastal Waters",NA,NA,"COASTAL","tbcmp_baseline_baseline_baseline_2025","baseline","baseline","baseline",2025,2.502683298768
"COASTAL_Hernando",1900,3110,"Hernando Coastal Waters",NA,NA,"COASTAL","tbcmp_baseline_baseline_baseline_2025","baseline","baseline","baseline",2025,3.07399093964
"COASTAL_Hernando",4100,988,"Hernando Coastal Waters",NA,NA,"COASTAL","tbcmp_baseline_baseline_baseline_2025","baseline","baseline","baseline",2025,0.976560465712
"COASTAL_Hernando",5400,1059608,"Hernando Coastal Waters",NA,NA,"COASTAL","tbcmp_baseline_baseline_baseline_2025","baseline","baseline","baseline",2025,1047.33935420259
"COASTAL_Hernando",6110,309,"Hernando Coastal Waters",NA,NA,"COASTAL","tbcmp_baseline_baseline_baseline_2025","baseline","baseline","baseline",2025,0.305422250916
"COASTAL_Hernando",6410,392,"Hernando Coastal Waters",NA,NA,"COASTAL","tbcmp_baseline_baseline_baseline_2025","baseline","baseline","baseline",2025,0.387461237408
"COASTAL_Hernando",6420,295275,"Hernando Coastal Waters",NA,NA,"COASTAL","tbcmp_baseline_baseline_baseline_2025","baseline","baseline","baseline",2025,291.8561654991
"COASTAL_Hernando",6510,1430401,"Hernando Coastal Waters",NA,NA,"COASTAL","tbcmp_baseline_baseline_baseline_2025","baseline","baseline","baseline",2025,1413.83913635112
"COASTAL_Hernando",7100,692,"Hernando Coastal Waters",NA,NA,"COASTAL","tbcmp_baseline_baseline_baseline_2025","baseline","baseline","baseline",2025,0.683987694608
"COASTAL_Hernando",9113,140730862,"Hernando Coastal Waters",NA,NA,"COASTAL","tbcmp_baseline_baseline_baseline_2025","baseline","baseline","baseline",2025,139101.413091874
"COASTAL_Hillsborough",1100,5771,"Hillsborough Coastal Waters",NA,NA,"COASTAL","tbcmp_baseline_baseline_baseline_2025","baseline","baseline","baseline",2025,5.704180615004
"COASTAL_Hillsborough",1200,11127,"Hillsborough Coastal Waters",NA,NA,"COASTAL","tbcmp_baseline_baseline_baseline_2025","baseline","baseline","baseline",2025,10.998166297548
"COASTAL_Hillsborough",1800,42037,"Hillsborough Coastal Waters",NA,NA,"COASTAL","tbcmp_baseline_baseline_baseline_2025","baseline","baseline","baseline",2025,41.550275604388
"COASTAL_Hillsborough",3200,82039,"Hillsborough Coastal Waters",NA,NA,"COASTAL","tbcmp_baseline_baseline_baseline_2025","baseline","baseline","baseline",2025,81.089113407436
"COASTAL_Hillsborough",4100,115242,"Hillsborough Coastal Waters",NA,NA,"COASTAL","tbcmp_baseline_baseline_baseline_2025","baseline","baseline","baseline",2025,113.907673268808
"COASTAL_Hillsborough",5400,51765774,"Hillsborough Coastal Waters",NA,NA,"COASTAL","tbcmp_baseline_baseline_baseline_2025","baseline","baseline","baseline",2025,51166.4052281196
"COASTAL_Hillsborough",6110,491,"Hillsborough Coastal Waters",NA,NA,"COASTAL","tbcmp_baseline_baseline_baseline_2025","baseline","baseline","baseline",2025,0.485314968284
"COASTAL_Hillsborough",6120,26281,"Hillsborough Coastal Waters",NA,NA,"COASTAL","tbcmp_baseline_baseline_baseline_2025","baseline","baseline","baseline",2025,25.976706072244
"COASTAL_Hillsborough",6420,12299,"Hillsborough Coastal Waters",NA,NA,"COASTAL","tbcmp_baseline_baseline_baseline_2025","baseline","baseline","baseline",2025,12.156596323676
"COASTAL_Hillsborough",6510,188705,"Hillsborough Coastal Waters",NA,NA,"COASTAL","tbcmp_baseline_baseline_baseline_2025","baseline","baseline","baseline",2025,186.52008368642
"COASTAL_Hillsborough",9113,138070,"Hillsborough Coastal Waters",NA,NA,"COASTAL","tbcmp_baseline_baseline_baseline_2025","baseline","baseline","baseline",2025,136.47135981868
"COASTAL_Manatee",1200,4,"Manatee Coastal Waters",NA,NA,"COASTAL","tbcmp_baseline_baseline_baseline_2025","baseline","baseline","baseline",2025,0.003953686096
"COASTAL_Manatee",1800,137650,"Manatee Coastal Waters",NA,NA,"COASTAL","tbcmp_baseline_baseline_baseline_2025","baseline","baseline","baseline",2025,136.0562227786
"COASTAL_Manatee",3200,33,"Manatee Coastal Waters",NA,NA,"COASTAL","tbcmp_baseline_baseline_baseline_2025","baseline","baseline","baseline",2025,0.032617910292
"COASTAL_Manatee",4100,668,"Manatee Coastal Waters",NA,NA,"COASTAL","tbcmp_baseline_baseline_baseline_2025","baseline","baseline","baseline",2025,0.660265578032
"COASTAL_Manatee",5400,81444484,"Manatee Coastal Waters",NA,NA,"COASTAL","tbcmp_baseline_baseline_baseline_2025","baseline","baseline","baseline",2025,80501.4809966736
"COASTAL_Manatee",6510,159619,"Manatee Coastal Waters",NA,NA,"COASTAL","tbcmp_baseline_baseline_baseline_2025","baseline","baseline","baseline",2025,157.770855239356
"COASTAL_Manatee",9113,9,"Manatee Coastal Waters",NA,NA,"COASTAL","tbcmp_baseline_baseline_baseline_2025","baseline","baseline","baseline",2025,0.008895793716
"COASTAL_Offshore",1100,3316,"Offshore Gulf Waters",NA,NA,"COASTAL","tbcmp_baseline_baseline_baseline_2025","baseline","baseline","baseline",2025,3.277605773584
"COASTAL_Offshore",5400,1584858786,"Offshore Gulf Waters",NA,NA,"COASTAL","tbcmp_baseline_baseline_baseline_2025","baseline","baseline","baseline",2025,1566508.53658291
"COASTAL_Offshore",6110,18364,"Offshore Gulf Waters",NA,NA,"COASTAL","tbcmp_baseline_baseline_baseline_2025","baseline","baseline","baseline",2025,18.151372866736
"COASTAL_Offshore",6420,52038,"Offshore Gulf Waters",NA,NA,"COASTAL","tbcmp_baseline_baseline_baseline_2025","baseline","baseline","baseline",2025,51.435479265912
"COASTAL_Offshore",6510,5696504,"Offshore Gulf Waters",NA,NA,"COASTAL","tbcmp_baseline_baseline_baseline_2025","baseline","baseline","baseline",2025,5630.54716515209
"COASTAL_Offshore",9113,169644327,"Offshore Gulf Waters",NA,NA,"COASTAL","tbcmp_baseline_baseline_baseline_2025","baseline","baseline","baseline",2025,167680.104231294
"COASTAL_Pasco",1100,61,"Pasco Coastal Waters",NA,NA,"COASTAL","tbcmp_baseline_baseline_baseline_2025","baseline","baseline","baseline",2025,0.060293712964
"COASTAL_Pasco",1200,252354,"Pasco Coastal Waters",NA,NA,"COASTAL","tbcmp_baseline_baseline_baseline_2025","baseline","baseline","baseline",2025,249.432125267496
"COASTAL_Pasco",1800,7032,"Pasco Coastal Waters",NA,NA,"COASTAL","tbcmp_baseline_baseline_baseline_2025","baseline","baseline","baseline",2025,6.950580156768
"COASTAL_Pasco",3200,107013,"Pasco Coastal Waters",NA,NA,"COASTAL","tbcmp_baseline_baseline_baseline_2025","baseline","baseline","baseline",2025,105.773952547812
"COASTAL_Pasco",4100,43918,"Pasco Coastal Waters",NA,NA,"COASTAL","tbcmp_baseline_baseline_baseline_2025","baseline","baseline","baseline",2025,43.409496491032
"COASTAL_Pasco",5200,1464,"Pasco Coastal Waters",NA,NA,"COASTAL","tbcmp_baseline_baseline_baseline_2025","baseline","baseline","baseline",2025,1.447049111136
"COASTAL_Pasco",5400,51610951,"Pasco Coastal Waters",NA,NA,"COASTAL","tbcmp_baseline_baseline_baseline_2025","baseline","baseline","baseline",2025,51013.3748425093
"COASTAL_Pasco",6110,1823,"Pasco Coastal Waters",NA,NA,"COASTAL","tbcmp_baseline_baseline_baseline_2025","baseline","baseline","baseline",2025,1.801892438252
"COASTAL_Pasco",6120,305906,"Pasco Coastal Waters",NA,NA,"COASTAL","tbcmp_baseline_baseline_baseline_2025","baseline","baseline","baseline",2025,302.364074720744
"COASTAL_Pasco",6420,117919,"Pasco Coastal Waters",NA,NA,"COASTAL","tbcmp_baseline_baseline_baseline_2025","baseline","baseline","baseline",2025,116.553677688556
"COASTAL_Pasco",6510,1766562,"Pasco Coastal Waters",NA,NA,"COASTAL","tbcmp_baseline_baseline_baseline_2025","baseline","baseline","baseline",2025,1746.10790428049
"COASTAL_Pasco",7100,33036,"Pasco Coastal Waters",NA,NA,"COASTAL","tbcmp_baseline_baseline_baseline_2025","baseline","baseline","baseline",2025,32.653493466864
"COASTAL_Pasco",9113,106523830,"Pasco Coastal Waters",NA,NA,"COASTAL","tbcmp_baseline_baseline_baseline_2025","baseline","baseline","baseline",2025,105290.446390917
"COASTAL_Pinellas",1200,319044,"Pinellas Coastal Waters",NA,NA,"COASTAL","tbcmp_baseline_baseline_baseline_2025","baseline","baseline","baseline",2025,315.349956703056
"COASTAL_Pinellas",1800,758589,"Pinellas Coastal Waters",NA,NA,"COASTAL","tbcmp_baseline_baseline_baseline_2025","baseline","baseline","baseline",2025,749.805695469636
"COASTAL_Pinellas",3200,209115,"Pinellas Coastal Waters",NA,NA,"COASTAL","tbcmp_baseline_baseline_baseline_2025","baseline","baseline","baseline",2025,206.69376699126
"COASTAL_Pinellas",4100,94507,"Pinellas Coastal Waters",NA,NA,"COASTAL","tbcmp_baseline_baseline_baseline_2025","baseline","baseline","baseline",2025,93.412752968668
"COASTAL_Pinellas",5200,147,"Pinellas Coastal Waters",NA,NA,"COASTAL","tbcmp_baseline_baseline_baseline_2025","baseline","baseline","baseline",2025,0.145297964028
"COASTAL_Pinellas",5400,259211235,"Pinellas Coastal Waters",NA,NA,"COASTAL","tbcmp_baseline_baseline_baseline_2025","baseline","baseline","baseline",2025,256209.963936622
"COASTAL_Pinellas",6110,15964,"Pinellas Coastal Waters",NA,NA,"COASTAL","tbcmp_baseline_baseline_baseline_2025","baseline","baseline","baseline",2025,15.779161209136
"COASTAL_Pinellas",6120,278798,"Pinellas Coastal Waters",NA,NA,"COASTAL","tbcmp_baseline_baseline_baseline_2025","baseline","baseline","baseline",2025,275.569944048152
"COASTAL_Pinellas",6410,5341,"Pinellas Coastal Waters",NA,NA,"COASTAL","tbcmp_baseline_baseline_baseline_2025","baseline","baseline","baseline",2025,5.279159359684
"COASTAL_Pinellas",6420,35384,"Pinellas Coastal Waters",NA,NA,"COASTAL","tbcmp_baseline_baseline_baseline_2025","baseline","baseline","baseline",2025,34.974307205216
"COASTAL_Pinellas",6510,4561675,"Pinellas Coastal Waters",NA,NA,"COASTAL","tbcmp_baseline_baseline_baseline_2025","baseline","baseline","baseline",2025,4508.8577554927
"COASTAL_Pinellas",6600,435,"Pinellas Coastal Waters",NA,NA,"COASTAL","tbcmp_baseline_baseline_baseline_2025","baseline","baseline","baseline",2025,0.42996336294
"COASTAL_Pinellas",7100,115969,"Pinellas Coastal Waters",NA,NA,"COASTAL","tbcmp_baseline_baseline_baseline_2025","baseline","baseline","baseline",2025,114.626255716756
"COASTAL_Pinellas",9113,17543027,"Pinellas Coastal Waters",NA,NA,"COASTAL","tbcmp_baseline_baseline_baseline_2025","baseline","baseline","baseline",2025,17339.9054829131
"COASTAL_Sarasota",1200,4494,"Sarasota Coastal Waters",NA,NA,"COASTAL","tbcmp_baseline_baseline_baseline_2025","baseline","baseline","baseline",2025,4.441966328856
"COASTAL_Sarasota",1800,381370,"Sarasota Coastal Waters",NA,NA,"COASTAL","tbcmp_baseline_baseline_baseline_2025","baseline","baseline","baseline",2025,376.95431660788
"COASTAL_Sarasota",3200,49915,"Sarasota Coastal Waters",NA,NA,"COASTAL","tbcmp_baseline_baseline_baseline_2025","baseline","baseline","baseline",2025,49.33706037046
"COASTAL_Sarasota",5400,239071212,"Sarasota Coastal Waters",NA,NA,"COASTAL","tbcmp_baseline_baseline_baseline_2025","baseline","baseline","baseline",2025,236303.131709567
"COASTAL_Sarasota",6510,15796,"Sarasota Coastal Waters",NA,NA,"COASTAL","tbcmp_baseline_baseline_baseline_2025","baseline","baseline","baseline",2025,15.613106393104
"COASTAL_Sarasota",9113,155,"Sarasota Coastal Waters",NA,NA,"COASTAL","tbcmp_baseline_baseline_baseline_2025","baseline","baseline","baseline",2025,0.15320533622
