"id","value","count","filename","land_policy","accretion","slr_scenario","yr","acres"
"Citrus",0,55713,"tbcmp_AM_LA_IntLow_2050","AM","LA","IntLow","2050",55.067954886
"Citrus",1100,74552252.4725559,"tbcmp_AM_LA_IntLow_2050","AM","LA","IntLow","2050",73689.0864934286
"Citrus",1200,44069252.182569,"tbcmp_AM_LA_IntLow_2050","AM","LA","IntLow","2050",43559.0183807992
"Citrus",1800,933866,"tbcmp_AM_LA_IntLow_2050","AM","LA","IntLow","2050",923.053699452
"Citrus",1820,2291991,"tbcmp_AM_LA_IntLow_2050","AM","LA","IntLow","2050",2265.454328202
"Citrus",1900,21905579.68053,"tbcmp_AM_LA_IntLow_2050","AM","LA","IntLow","2050",21651.9568789889
"Citrus",2100,30852966.7562972,"tbcmp_AM_LA_IntLow_2050","AM","LA","IntLow","2050",30495.7511071928
"Citrus",2200,28932,"tbcmp_AM_LA_IntLow_2050","AM","LA","IntLow","2050",28.597025304
"Citrus",2400,457637.144609444,"tbcmp_AM_LA_IntLow_2050","AM","LA","IntLow","2050",452.338621749156
"Citrus",3200,3878907.28719783,"tbcmp_AM_LA_IntLow_2050","AM","LA","IntLow","2050",3833.99729862666
"Citrus",4100,101512277.928236,"tbcmp_AM_LA_IntLow_2050","AM","LA","IntLow","2050",100336.968774383
"Citrus",4400,11950477.3867781,"tbcmp_AM_LA_IntLow_2050","AM","LA","IntLow","2050",11812.114759594
"Citrus",5200,7674281.47592833,"tbcmp_AM_LA_IntLow_2050","AM","LA","IntLow","2050",7585.42864500003
"Citrus",5400,165711071.398081,"tbcmp_AM_LA_IntLow_2050","AM","LA","IntLow","2050",163792.468613434
"Citrus",6110,28064266.1284993,"tbcmp_AM_LA_IntLow_2050","AM","LA","IntLow","2050",27739.3380552636
"Citrus",6120,18151740.4833729,"tbcmp_AM_LA_IntLow_2050","AM","LA","IntLow","2050",17941.5796320564
"Citrus",6410,25986727.1278452,"tbcmp_AM_LA_IntLow_2050","AM","LA","IntLow","2050",25685.852801159
"Citrus",6420,24844310.5391708,"tbcmp_AM_LA_IntLow_2050","AM","LA","IntLow","2050",24556.6631117483
"Citrus",6425,2039472.23395462,"tbcmp_AM_LA_IntLow_2050","AM","LA","IntLow","2050",2015.85922442989
"Citrus",6510,260721.970405918,"tbcmp_AM_LA_IntLow_2050","AM","LA","IntLow","2050",257.703331432558
"Citrus",6600,8501815.22420733,"tbcmp_AM_LA_IntLow_2050","AM","LA","IntLow","2050",8403.38120754146
"Citrus",7100,4953,"tbcmp_AM_LA_IntLow_2050","AM","LA","IntLow","2050",4.895654166
"Citrus",9113,48347107.0051265,"tbcmp_AM_LA_IntLow_2050","AM","LA","IntLow","2050",47787.3442002212
"Hernando",0,49251,"tbcmp_AM_LA_IntLow_2050","AM","LA","IntLow","2050",48.680771922
"Hernando",1100,44955001.8878502,"tbcmp_AM_LA_IntLow_2050","AM","LA","IntLow","2050",44434.5128759927
"Hernando",1200,56864112.5125126,"tbcmp_AM_LA_IntLow_2050","AM","LA","IntLow","2050",56205.7398178427
"Hernando",1800,976650.810010563,"tbcmp_AM_LA_IntLow_2050","AM","LA","IntLow","2050",965.34314693226
"Hernando",1820,2193723,"tbcmp_AM_LA_IntLow_2050","AM","LA","IntLow","2050",2168.324075106
"Hernando",1900,17093270.4484964,"tbcmp_AM_LA_IntLow_2050","AM","LA","IntLow","2050",16895.3645632437
"Hernando",2100,33927243.134946,"tbcmp_AM_LA_IntLow_2050","AM","LA","IntLow","2050",33534.4335139296
"Hernando",2200,303298.229326285,"tbcmp_AM_LA_IntLow_2050","AM","LA","IntLow","2050",299.786642427146
"Hernando",2400,1078383.85539069,"tbcmp_AM_LA_IntLow_2050","AM","LA","IntLow","2050",1065.89832711297
"Hernando",3200,3869144.66466464,"tbcmp_AM_LA_IntLow_2050","AM","LA","IntLow","2050",3824.34770773715
"Hernando",4100,79867940.2492266,"tbcmp_AM_LA_IntLow_2050","AM","LA","IntLow","2050",78943.2292370211
"Hernando",4400,11936005.265381,"tbcmp_AM_LA_IntLow_2050","AM","LA","IntLow","2050",11797.8101964184
"Hernando",5200,3561612.31704444,"tbcmp_AM_LA_IntLow_2050","AM","LA","IntLow","2050",3520.3759696377
"Hernando",5400,111807240.15373,"tbcmp_AM_LA_IntLow_2050","AM","LA","IntLow","2050",110512.73592723
"Hernando",6110,33722003.0711001,"tbcmp_AM_LA_IntLow_2050","AM","LA","IntLow","2050",33331.5697195429
"Hernando",6120,5911530.18822751,"tbcmp_AM_LA_IntLow_2050","AM","LA","IntLow","2050",5843.08649170821
"Hernando",6410,11186191.873831,"tbcmp_AM_LA_IntLow_2050","AM","LA","IntLow","2050",11056.6781443158
"Hernando",6420,5171610.1609947,"tbcmp_AM_LA_IntLow_2050","AM","LA","IntLow","2050",5111.73325855071
"Hernando",6425,233947.267743404,"tbcmp_AM_LA_IntLow_2050","AM","LA","IntLow","2050",231.23862627747
"Hernando",6510,25494.4611924253,"tbcmp_AM_LA_IntLow_2050","AM","LA","IntLow","2050",25.1992863207394
"Hernando",6600,3064176.48895679,"tbcmp_AM_LA_IntLow_2050","AM","LA","IntLow","2050",3028.69945356764
"Hernando",7100,15224,"tbcmp_AM_LA_IntLow_2050","AM","LA","IntLow","2050",15.047736528
"Hernando",9113,35410748.1995331,"tbcmp_AM_LA_IntLow_2050","AM","LA","IntLow","2050",35000.7625568789
"Hillsborough",0,250577.310383811,"tbcmp_AM_LA_IntLow_2050","AM","LA","IntLow","2050",247.676126284187
"Hillsborough",1100,66852064.2169416,"tbcmp_AM_LA_IntLow_2050","AM","LA","IntLow","2050",66078.0510174378
"Hillsborough",1200,249766357.447206,"tbcmp_AM_LA_IntLow_2050","AM","LA","IntLow","2050",246874.562560683
"Hillsborough",1800,5560849.26774803,"tbcmp_AM_LA_IntLow_2050","AM","LA","IntLow","2050",5496.46575492605
"Hillsborough",1820,5338482.30041877,"tbcmp_AM_LA_IntLow_2050","AM","LA","IntLow","2050",5276.67335234452
"Hillsborough",1900,57461991.2010325,"tbcmp_AM_LA_IntLow_2050","AM","LA","IntLow","2050",56796.6962669069
"Hillsborough",2100,88043911.4241871,"tbcmp_AM_LA_IntLow_2050","AM","LA","IntLow","2050",87024.5390177179
"Hillsborough",2200,1996966.07777043,"tbcmp_AM_LA_IntLow_2050","AM","LA","IntLow","2050",1973.845204522
"Hillsborough",2400,4448269.87080978,"tbcmp_AM_LA_IntLow_2050","AM","LA","IntLow","2050",4396.76780224555
"Hillsborough",3200,16071946.7861169,"tbcmp_AM_LA_IntLow_2050","AM","LA","IntLow","2050",15885.8657862272
"Hillsborough",4100,38860322.9167087,"tbcmp_AM_LA_IntLow_2050","AM","LA","IntLow","2050",38410.3980979791
"Hillsborough",4400,6653399.00506067,"tbcmp_AM_LA_IntLow_2050","AM","LA","IntLow","2050",6576.36595138008
"Hillsborough",5200,27152512.793712,"tbcmp_AM_LA_IntLow_2050","AM","LA","IntLow","2050",26838.1410005864
"Hillsborough",5400,152428899.864029,"tbcmp_AM_LA_IntLow_2050","AM","LA","IntLow","2050",150664.078061403
"Hillsborough",6110,81703824.8575959,"tbcmp_AM_LA_IntLow_2050","AM","LA","IntLow","2050",80757.8579733947
"Hillsborough",6120,7090607.22292382,"tbcmp_AM_LA_IntLow_2050","AM","LA","IntLow","2050",7008.51217249681
"Hillsborough",6410,27522630.6681949,"tbcmp_AM_LA_IntLow_2050","AM","LA","IntLow","2050",27203.9736503185
"Hillsborough",6420,2629194.73839012,"tbcmp_AM_LA_IntLow_2050","AM","LA","IntLow","2050",2598.75392170904
"Hillsborough",6425,1168476,"tbcmp_AM_LA_IntLow_2050","AM","LA","IntLow","2050",1154.947384872
"Hillsborough",6510,146486,"tbcmp_AM_LA_IntLow_2050","AM","LA","IntLow","2050",144.789985092
"Hillsborough",6600,1353826.96737031,"tbcmp_AM_LA_IntLow_2050","AM","LA","IntLow","2050",1338.15235874209
"Hillsborough",7100,16185,"tbcmp_AM_LA_IntLow_2050","AM","LA","IntLow","2050",15.99761007
"Hillsborough",9113,17242376.352724,"tbcmp_AM_LA_IntLow_2050","AM","LA","IntLow","2050",17042.7441193121
"Manatee",0,74259.4867545646,"tbcmp_AM_LA_IntLow_2050","AM","LA","IntLow","2050",73.3997104169202
"Manatee",1100,30919362.6733613,"tbcmp_AM_LA_IntLow_2050","AM","LA","IntLow","2050",30561.3782923292
"Manatee",1200,97418948.3342004,"tbcmp_AM_LA_IntLow_2050","AM","LA","IntLow","2050",96291.031750387
"Manatee",1800,3239118.77782638,"tbcmp_AM_LA_IntLow_2050","AM","LA","IntLow","2050",3201.6162606167
"Manatee",1820,4008061,"tbcmp_AM_LA_IntLow_2050","AM","LA","IntLow","2050",3961.655669742
"Manatee",1900,29022759.1563555,"tbcmp_AM_LA_IntLow_2050","AM","LA","IntLow","2050",28686.7336508432
"Manatee",2100,119548500.10768,"tbcmp_AM_LA_IntLow_2050","AM","LA","IntLow","2050",118164.367573434
"Manatee",2200,11629931.0093743,"tbcmp_AM_LA_IntLow_2050","AM","LA","IntLow","2050",11495.2796681477
"Manatee",2400,2740881,"tbcmp_AM_LA_IntLow_2050","AM","LA","IntLow","2050",2709.147079782
"Manatee",3200,48333073.2728886,"tbcmp_AM_LA_IntLow_2050","AM","LA","IntLow","2050",47773.4729505351
"Manatee",4100,37524833.1253543,"tbcmp_AM_LA_IntLow_2050","AM","LA","IntLow","2050",37090.3706074289
"Manatee",4400,3206983.49775432,"tbcmp_AM_LA_IntLow_2050","AM","LA","IntLow","2050",3169.85304281732
"Manatee",5200,16666291.4476192,"tbcmp_AM_LA_IntLow_2050","AM","LA","IntLow","2050",16473.3291252386
"Manatee",5400,124410671.441512,"tbcmp_AM_LA_IntLow_2050","AM","LA","IntLow","2050",122970.244687562
"Manatee",6110,38379442.6240817,"tbcmp_AM_LA_IntLow_2050","AM","LA","IntLow","2050",37935.0854373801
"Manatee",6120,4958722.00243351,"tbcmp_AM_LA_IntLow_2050","AM","LA","IntLow","2050",4901.30991908934
"Manatee",6410,32869082.7215136,"tbcmp_AM_LA_IntLow_2050","AM","LA","IntLow","2050",32488.5244817639
"Manatee",6420,1618894.45889086,"tbcmp_AM_LA_IntLow_2050","AM","LA","IntLow","2050",1600.15089884582
"Manatee",6425,1109857,"tbcmp_AM_LA_IntLow_2050","AM","LA","IntLow","2050",1097.007075654
"Manatee",6510,173925,"tbcmp_AM_LA_IntLow_2050","AM","LA","IntLow","2050",171.91129635
"Manatee",6600,1201398.94242731,"tbcmp_AM_LA_IntLow_2050","AM","LA","IntLow","2050",1187.48914547188
"Manatee",7100,12192,"tbcmp_AM_LA_IntLow_2050","AM","LA","IntLow","2050",12.050841024
"Manatee",9113,15139684.5301342,"tbcmp_AM_LA_IntLow_2050","AM","LA","IntLow","2050",14964.3972626443
"Pasco",0,177862.03219769,"tbcmp_AM_LA_IntLow_2050","AM","LA","IntLow","2050",175.802745588905
"Pasco",1100,55235550.1854696,"tbcmp_AM_LA_IntLow_2050","AM","LA","IntLow","2050",54596.0329854222
"Pasco",1200,98893039.5322909,"tbcmp_AM_LA_IntLow_2050","AM","LA","IntLow","2050",97748.055920586
"Pasco",1800,2279809.18998937,"tbcmp_AM_LA_IntLow_2050","AM","LA","IntLow","2050",2253.41355918767
"Pasco",1820,2965648.36044301,"tbcmp_AM_LA_IntLow_2050","AM","LA","IntLow","2050",2931.3120837258
"Pasco",1900,22683567.3228429,"tbcmp_AM_LA_IntLow_2050","AM","LA","IntLow","2050",22420.936980379
"Pasco",2100,80097096.0081363,"tbcmp_AM_LA_IntLow_2050","AM","LA","IntLow","2050",79169.7318305541
"Pasco",2200,1292548.99564898,"tbcmp_AM_LA_IntLow_2050","AM","LA","IntLow","2050",1277.58386337736
"Pasco",2400,582572.764420897,"tbcmp_AM_LA_IntLow_2050","AM","LA","IntLow","2050",575.827736954432
"Pasco",3200,13809107.0830913,"tbcmp_AM_LA_IntLow_2050","AM","LA","IntLow","2050",13649.2252412832
"Pasco",4100,63304042.3979075,"tbcmp_AM_LA_IntLow_2050","AM","LA","IntLow","2050",62571.1081950245
"Pasco",4400,18555527.7638743,"tbcmp_AM_LA_IntLow_2050","AM","LA","IntLow","2050",18340.6918634242
"Pasco",5200,15794579.7731199,"tbcmp_AM_LA_IntLow_2050","AM","LA","IntLow","2050",15611.7101285067
"Pasco",5400,141638374.330234,"tbcmp_AM_LA_IntLow_2050","AM","LA","IntLow","2050",139998.485232239
"Pasco",6110,71675376.0121451,"tbcmp_AM_LA_IntLow_2050","AM","LA","IntLow","2050",70845.5185086765
"Pasco",6120,2356596.93433824,"tbcmp_AM_LA_IntLow_2050","AM","LA","IntLow","2050",2329.31225503247
"Pasco",6410,39895560.8312357,"tbcmp_AM_LA_IntLow_2050","AM","LA","IntLow","2050",39433.6500279316
"Pasco",6420,3572885.49351128,"tbcmp_AM_LA_IntLow_2050","AM","LA","IntLow","2050",3531.5186252674
"Pasco",6425,132505.092042316,"tbcmp_AM_LA_IntLow_2050","AM","LA","IntLow","2050",130.97094808665
"Pasco",6510,14125.938228257,"tbcmp_AM_LA_IntLow_2050","AM","LA","IntLow","2050",13.9623881154502
"Pasco",6600,663720.884097943,"tbcmp_AM_LA_IntLow_2050","AM","LA","IntLow","2050",656.036323701857
"Pasco",7100,30872.4582728532,"tbcmp_AM_LA_IntLow_2050","AM","LA","IntLow","2050",30.5150169509701
"Pasco",9113,21292898.3521541,"tbcmp_AM_LA_IntLow_2050","AM","LA","IntLow","2050",21046.3691750328
"Pinellas",0,606106.17066399,"tbcmp_AM_LA_IntLow_2050","AM","LA","IntLow","2050",599.088673420042
"Pinellas",1100,4634433.20482692,"tbcmp_AM_LA_IntLow_2050","AM","LA","IntLow","2050",4580.77573718143
"Pinellas",1200,131342159.419883,"tbcmp_AM_LA_IntLow_2050","AM","LA","IntLow","2050",129821.47989812
"Pinellas",1800,6361574.732252,"tbcmp_AM_LA_IntLow_2050","AM","LA","IntLow","2050",6287.92042000198
"Pinellas",1820,4383728.33913795,"tbcmp_AM_LA_IntLow_2050","AM","LA","IntLow","2050",4332.97353242741
"Pinellas",1900,3091338.62988339,"tbcmp_AM_LA_IntLow_2050","AM","LA","IntLow","2050",3055.5471112266
"Pinellas",2100,593618.090640074,"tbcmp_AM_LA_IntLow_2050","AM","LA","IntLow","2050",586.745180386644
"Pinellas",2400,47940,"tbcmp_AM_LA_IntLow_2050","AM","LA","IntLow","2050",47.38495068
"Pinellas",3200,740148.579458464,"tbcmp_AM_LA_IntLow_2050","AM","LA","IntLow","2050",731.579139205494
"Pinellas",4100,6462155.14657997,"tbcmp_AM_LA_IntLow_2050","AM","LA","IntLow","2050",6387.33631429287
"Pinellas",4400,231350,"tbcmp_AM_LA_IntLow_2050","AM","LA","IntLow","2050",228.6714297
"Pinellas",5200,4776599.52469491,"tbcmp_AM_LA_IntLow_2050","AM","LA","IntLow","2050",4721.29605539799
"Pinellas",5400,346529072.358307,"tbcmp_AM_LA_IntLow_2050","AM","LA","IntLow","2050",342516.958758542
"Pinellas",6110,8500851.55835556,"tbcmp_AM_LA_IntLow_2050","AM","LA","IntLow","2050",8402.42869901292
"Pinellas",6120,8034835.6867504,"tbcmp_AM_LA_IntLow_2050","AM","LA","IntLow","2050",7941.8083591692
"Pinellas",6410,2454955.25179713,"tbcmp_AM_LA_IntLow_2050","AM","LA","IntLow","2050",2426.53177989183
"Pinellas",6420,886824.453896228,"tbcmp_AM_LA_IntLow_2050","AM","LA","IntLow","2050",876.556800369018
"Pinellas",6425,139993.907957729,"tbcmp_AM_LA_IntLow_2050","AM","LA","IntLow","2050",138.373058491394
"Pinellas",6510,29951.0617717079,"tbcmp_AM_LA_IntLow_2050","AM","LA","IntLow","2050",29.604288378515
"Pinellas",6600,842104.041195685,"tbcmp_AM_LA_IntLow_2050","AM","LA","IntLow","2050",832.354160606722
"Pinellas",7100,133602.541727192,"tbcmp_AM_LA_IntLow_2050","AM","LA","IntLow","2050",132.055691499075
"Pinellas",9113,30444873.8402547,"tbcmp_AM_LA_IntLow_2050","AM","LA","IntLow","2050",30092.3830909323
"Sarasota",0,17618,"tbcmp_AM_LA_IntLow_2050","AM","LA","IntLow","2050",17.414018796
"Sarasota",1100,27479308.3240164,"tbcmp_AM_LA_IntLow_2050","AM","LA","IntLow","2050",27161.1528922409
"Sarasota",1200,100749666.396291,"tbcmp_AM_LA_IntLow_2050","AM","LA","IntLow","2050",99583.1867587547
"Sarasota",1800,3757731.14950836,"tbcmp_AM_LA_IntLow_2050","AM","LA","IntLow","2050",3714.22413825935
"Sarasota",1820,5259953,"tbcmp_AM_LA_IntLow_2050","AM","LA","IntLow","2050",5199.053264166
"Sarasota",1900,18751379.9527135,"tbcmp_AM_LA_IntLow_2050","AM","LA","IntLow","2050",18534.276475621
"Sarasota",2100,38379586.8139731,"tbcmp_AM_LA_IntLow_2050","AM","LA","IntLow","2050",37935.2279578409
"Sarasota",2200,1372724.98013059,"tbcmp_AM_LA_IntLow_2050","AM","LA","IntLow","2050",1356.83157031064
"Sarasota",2400,1123781,"tbcmp_AM_LA_IntLow_2050","AM","LA","IntLow","2050",1110.769863582
"Sarasota",3200,33951574.4211254,"tbcmp_AM_LA_IntLow_2050","AM","LA","IntLow","2050",33558.4830924776
"Sarasota",4100,55131603.864562,"tbcmp_AM_LA_IntLow_2050","AM","LA","IntLow","2050",54493.2901550181
"Sarasota",4400,810789.623792232,"tbcmp_AM_LA_IntLow_2050","AM","LA","IntLow","2050",801.402301527966
"Sarasota",5200,13599778.142404,"tbcmp_AM_LA_IntLow_2050","AM","LA","IntLow","2050",13442.3199110713
"Sarasota",5400,254131599.435313,"tbcmp_AM_LA_IntLow_2050","AM","LA","IntLow","2050",251189.263777051
"Sarasota",6110,21648276.5454309,"tbcmp_AM_LA_IntLow_2050","AM","LA","IntLow","2050",21397.6327995879
"Sarasota",6120,924727.339638763,"tbcmp_AM_LA_IntLow_2050","AM","LA","IntLow","2050",914.020846500426
"Sarasota",6410,46776494.1389558,"tbcmp_AM_LA_IntLow_2050","AM","LA","IntLow","2050",46234.9158898149
"Sarasota",6420,1020563.46448896,"tbcmp_AM_LA_IntLow_2050","AM","LA","IntLow","2050",1008.74738069711
"Sarasota",6425,456084.190996826,"tbcmp_AM_LA_IntLow_2050","AM","LA","IntLow","2050",450.803648233465
"Sarasota",6510,45710.0737626851,"tbcmp_AM_LA_IntLow_2050","AM","LA","IntLow","2050",45.1808425286607
"Sarasota",6600,713918.315663754,"tbcmp_AM_LA_IntLow_2050","AM","LA","IntLow","2050",705.652569404999
"Sarasota",9113,5563892.106494,"tbcmp_AM_LA_IntLow_2050","AM","LA","IntLow","2050",5499.47336368502
"Sarasota",NA,0.000136239468702115,"tbcmp_AM_LA_IntLow_2050","AM","LA","IntLow","2050",1.34662088133482e-07
