"ID","censusTract","count"
"1","12005002704",1
"2","12011010503",1
"3","12011100202",1
"4","12011100802",1
"5","12017450102",2
"6","12017450106",1
"7","12017450303",6
"8","12017450305",22
"9","12017450400",4
"10","12017450401",1
"11","12017450402",5
"12","12017450500",187
"13","12017450501",292
"14","12017450502",282
"15","12017450602",5
"16","12017450800",6
"17","12017450901",2
"18","12017451000",1
"19","12017451002",1
"20","12017451400",1
"21","12017451502",2
"22","12017451700",54
"23","12017451701",196
"24","12017451702",26
"25","12027010406",1
"26","12053040101",13
"27","12053040102",17
"28","12053040201",1
"29","12053040202",5
"30","12053040302",3
"31","12053040400",2
"32","12053040501",1
"33","12053040502",1
"34","12053040601",1
"35","12053040602",2
"36","12053041204",1
"37","12053041501",190
"38","12053041502",7
"39","12053041600",39
"40","12053041601",1
"41","12053041602",107
"42","12057000202",6
"43","12057000300",1
"44","12057000401",2
"45","12057000402",1
"46","12057000602",1
"47","12057000902",1
"48","12057001100",2
"49","12057001200",3
"50","12057001300",1
"51","12057001400",1
"52","12057001500",6
"53","12057002300",1
"54","12057002400",5
"55","12057002500",1
"56","12057002600",3
"57","12057002700",3
"58","12057002701",10
"59","12057002900",1
"60","12057003800",1
"61","12057003900",1
"62","12057004200",3
"63","12057004500",1
"64","12057004602",2
"65","12057004800",2
"66","12057005101",1
"67","12057005102",1
"68","12057005301",2
"69","12057005302",18
"70","12057005401",30
"71","12057005700",9
"72","12057005800",18
"73","12057005900",83
"74","12057006000",12
"75","12057006101",8
"76","12057006103",2
"77","12057006200",4
"78","12057006300",8
"79","12057006400",134
"80","12057006501",12
"81","12057006502",1
"82","12057006503",2
"83","12057006504",1
"84","12057006600",28
"85","12057006700",19
"86","12057006801",1
"87","12057006802",15
"88","12057006900",12
"89","12057007001",1
"90","12057007002",1
"91","12057007103",7
"92","12057007200",25
"93","12057010105",3
"94","12057010107",1
"95","12057010213",1
"96","12057010305",1
"97","12057010600",1
"98","12057010701",1
"99","12057010809",1
"100","12057010811",1
"101","12057010817",1
"102","12057011003",1
"103","12057011006",1
"104","12057011018",1
"105","12057011103",1
"106","12057011107",2
"107","12057011109",2
"108","12057011204",3
"109","12057011206",3
"110","12057011301",1
"111","12057011409",3
"112","12057011410",5
"113","12057011411",1
"114","12057011413",2
"115","12057011414",1
"116","12057011418",1
"117","12057011504",2
"118","12057011510",1
"119","12057011515",25
"120","12057011516",3
"121","12057011518",2
"122","12057011519",1
"123","12057011523",1
"124","12057011605",26
"125","12057011606",3
"126","12057011612",5
"127","12057011613",14
"128","12057011615",2
"129","12057011617",7
"130","12057011708",3
"131","12057011709",1
"132","12057011710",11
"133","12057011712",22
"134","12057011713",1
"135","12057011714",13
"136","12057011715",10
"137","12057011716",2
"138","12057011802",2
"139","12057011804",1
"140","12057011909",1
"141","12057012002",1
"142","12057012209",4
"143","12057012212",1
"144","12057012213",1
"145","12057012301",1
"146","12057012402",1
"147","12057012403",2
"148","12057012600",4
"149","12057012800",1
"150","12057013002",2
"151","12057013003",1
"152","12057013004",1
"153","12057013207",2
"154","12057013208",1
"155","12057013313",1
"156","12057013407",7
"157","12057013409",21
"158","12057013411",1
"159","12057013412",11
"160","12057013413",4
"161","12057013414",1
"162","12057013415",1
"163","12057013501",16
"164","12057013504",1
"165","12057013505",1
"166","12057013602",3
"167","12057013604",3
"168","12057013702",16
"169","12057013703",1
"170","12057013704",1
"171","12057013705",1
"172","12057013801",3
"173","12057013802",14
"174","12057013803",9
"175","12057013804",2
"176","12057013806",4
"177","12057013807",4
"178","12057013903",1
"179","12057013917",1
"180","12057013921",2
"181","12057014013",2
"182","12057014104",24
"183","12057014106",3
"184","12057014108",59
"185","12057014117",1
"186","12057014118",5
"187","12057014119",1
"188","12057014121",10
"189","12057014300",4
"190","12057014400",6
"191","12075970700",1
"192","12081000101",2
"193","12081000103",1
"194","12081000105",3
"195","12081000201",20
"196","12081000202",1
"197","12081000204",1
"198","12081000304",1
"199","12081000305",7
"200","12081000406",1
"201","12081000501",4
"202","12081000601",15
"203","12081000603",2
"204","12081000702",1
"205","12081000703",4
"206","12081000704",49
"207","12081000705",9
"208","12081000803",3
"209","12081000804",1
"210","12081000805",26
"211","12081000808",2
"212","12081000809",2
"213","12081000811",1
"214","12081000901",2
"215","12081000902",16
"216","12081001000",7
"217","12081001002",2
"218","12081001104",1
"219","12081001107",5
"220","12081001108",13
"221","12081001202",14
"222","12081001203",2
"223","12081001204",1
"224","12081001300",3
"225","12081001402",3
"226","12081001403",1
"227","12081001404",6
"228","12081001405",1
"229","12081001502",4
"230","12081001601",6
"231","12081001603",6
"232","12081001604",10
"233","12081001701",65
"234","12081001703",43
"235","12081001704",3
"236","12081001705",119
"237","12081001800",47
"238","12081001801",55
"239","12081001802",51
"240","12081001904",10
"241","12081001907",1
"242","12081001909",1
"243","12081001913",3
"244","12081001914",1
"245","12081002005",3
"246","12081002008",2
"247","12081002010",9
"248","12081002011",2
"249","12081002012",3
"250","12081002013",2
"251","12081002014",3
"252","12081002023",1
"253","12086013200",1
"254","12101030101",18
"255","12101030102",180
"256","12101030202",423
"257","12101030203",6
"258","12101030204",28
"259","12101030205",192
"260","12101030301",49
"261","12101030302",13
"262","12101030303",12
"263","12101030304",118
"264","12101030404",8
"265","12101030405",8
"266","12101030406",3
"267","12101030407",4
"268","12101030408",5
"269","12101030409",9
"270","12101030410",5
"271","12101030411",3
"272","12101030412",5
"273","12101030502",6
"274","12101030601",2
"275","12101030602",2
"276","12101030700",2
"277","12101030800",11
"278","12101030901",38
"279","12101030903",2
"280","12101030904",1
"281","12101030905",5
"282","12101031003",2
"283","12101031005",22
"284","12101031008",13
"285","12101031009",6
"286","12101031010",4
"287","12101031013",3
"288","12101031101",1
"289","12101031102",1
"290","12101031104",1
"291","12101031205",1
"292","12101031207",1
"293","12101031301",2
"294","12101031302",3
"295","12101031406",12
"296","12101031407",1
"297","12101031408",6
"298","12101031409",1
"299","12101031410",1
"300","12101031412",8
"301","12101031503",2
"302","12101031505",14
"303","12101031506",5
"304","12101031507",6
"305","12101031602",1
"306","12101031605",5
"307","12101031703",2
"308","12101031705",3
"309","12101031706",1
"310","12101031804",2
"311","12101031807",3
"312","12101031903",1
"313","12101032001",3
"314","12101032006",4
"315","12101032007",2
"316","12101032008",2
"317","12101032009",1
"318","12101032012",1
"319","12101032013",2
"320","12101032106",1
"321","12101032107",3
"322","12101032108",3
"323","12101032401",2
"324","12101032402",1
"325","12101032601",1
"326","12101032602",5
"327","12101032901",2
"328","12101032903",1
"329","12101032904",1
"330","12101032905",1
"331","12101033005",1
"332","12101033013",1
"333","12103020101",1
"334","12103020105",2
"335","12103020106",8
"336","12103020107",2
"337","12103020108",1
"338","12103020109",5
"339","12103020202",2
"340","12103020206",1
"341","12103020207",2
"342","12103020209",2
"343","12103020301",15
"344","12103020400",3
"345","12103020500",1
"346","12103020600",3
"347","12103021501",1
"348","12103022100",1
"349","12103022200",5
"350","12103022301",2
"351","12103022302",4
"352","12103022401",9
"353","12103022402",5
"354","12103022501",6
"355","12103022503",6
"356","12103022601",2
"357","12103023300",3
"358","12103023500",3
"359","12103023700",3
"360","12103023800",4
"361","12103023900",1
"362","12103024001",27
"363","12103024002",4
"364","12103024004",430
"365","12103024005",441
"366","12103024100",3
"367","12103024301",10
"368","12103024302",2
"369","12103024403",15
"370","12103024408",11
"371","12103024409",6
"372","12103024410",10
"373","12103024411",204
"374","12103024413",7
"375","12103024505",13
"376","12103024507",3
"377","12103024508",1
"378","12103024509",1
"379","12103024511",1
"380","12103024512",3
"381","12103024801",1
"382","12103024803",4
"383","12103024901",6
"384","12103024905",2
"385","12103024906",1
"386","12103025004",2
"387","12103025007",3
"388","12103025009",3
"389","12103025011",2
"390","12103025013",3
"391","12103025017",1
"392","12103025019",8
"393","12103025106",1
"394","12103025108",1
"395","12103025109",1
"396","12103025110",6
"397","12103025120",1
"398","12103025121",1
"399","12103025122",4
"400","12103025203",3
"401","12103025205",2
"402","12103025207",3
"403","12103025209",5
"404","12103025210",6
"405","12103025211",1
"406","12103025303",1
"407","12103025401",5
"408","12103025407",9
"409","12103025412",4
"410","12103025415",1
"411","12103025416",1
"412","12103025501",2
"413","12103025505",1
"414","12103025700",10
"415","12103025900",2
"416","12103026001",4
"417","12103026002",29
"418","12103026003",3
"419","12103026004",80
"420","12103026101",3
"421","12103026102",1
"422","12103026300",2
"423","12103026400",2
"424","12103026401",4
"425","12103026703",1
"426","12103026705",2
"427","12103026804",2
"428","12103026815",2
"429","12103026816",1
"430","12103026818",2
"431","12103026908",3
"432","12103026910",1
"433","12103027105",24
"434","12103027106",100
"435","12103027108",1
"436","12103027202",100
"437","12103027204",2
"438","12103027206",1
"439","12103027207",1
"440","12103027208",3
"441","12103027209",2
"442","12103027308",5
"443","12103027309",3
"444","12103027310",2
"445","12103027319",4
"446","12103027320",24
"447","12103027321",1
"448","12103027324",4
"449","12103027325",2
"450","12103027326",2
"451","12103027327",3
"452","12103027328",1
"453","12103027401",2
"454","12103027402",1
"455","12103027403",3
"456","12103027501",82
"457","12103027502",8
"458","12103027503",33
"459","12103027603",32
"460","12103027604",11
"461","12103027605",83
"462","12103027606",50
"463","12103027701",225
"464","12103027703",22
"465","12103027704",58
"466","12103027801",48
"467","12103027802",299
"468","12103027901",172
"469","12103027903",7
"470","12103027904",4
"471","12103027905",48
"472","12103028002",90
"473","12103028003",19
"474","12103028004",21
"475","12103028005",40
"476","12103028006",13
"477","12103028102",15
"478","12103028103",2
"479","12103028104",10
"480","12103028200",1
"481","12103028402",8
"482","12103028403",16
"483","12103028500",9
"484","12103028600",4
"485","12103028602",1
"486","12105011502",1
"487","12113010825",1
"488","12115000103",10
"489","12115000104",8
"490","12115000200",3
"491","12115000300",1
"492","12115000401",4
"493","12115000405",3
"494","12115000501",17
"495","12115000502",1
"496","12115000503",34
"497","12115000601",6
"498","12115000602",5
"499","12115000700",84
"500","12115000801",8
"501","12115000802",33
"502","12115000900",6
"503","12115001000",2
"504","12115001101",2
"505","12115001102",1
"506","12115001301",5
"507","12115001302",1
"508","12115001303",1
"509","12115001304",8
"510","12115001401",1
"511","12115001402",1
"512","12115001403",2
"513","12115001404",2
"514","12115001503",2
"515","12115001505",13
"516","12115001509",1
"517","12115001601",2
"518","12115001602",6
"519","12115001702",4
"520","12115001703",1
"521","12115001704",2
"522","12115001801",12
"523","12115001803",5
"524","12115001804",11
"525","12115001903",136
"526","12115001904",129
"527","12115001905",44
"528","12115001907",8
"529","12115001908",4
"530","12115001909",115
"531","12115002003",1
"532","12115002004",5
"533","12115002005",2
"534","12115002012",2
"535","12115002016",1
"536","12115002100",3
"537","12115002102",9
"538","12115002201",1
"539","12115002202",9
"540","12115002203",29
"541","12115002204",3
"542","12115002205",48
"543","12115002302",1
"544","12115002304",52
"545","12115002305",6
"546","12115002401",48
"547","12115002507",2
"548","12115002508",19
"549","12115002509",3
"550","12115002601",68
"551","12115002602",1
"552","12115002603",80
"553","12115002604",14
"554","12115002605",23
"555","12115002713",17
"556","12115002714",3
"557","12115002716",3
"558","12115002718",6
"559","12115002721",3
"560","12115002724",3
"561","12115002725",1
"562","12115002726",17
"563","12115002729",1
"564","12115002731",10
"565","12115002732",1
"566","12115002733",2
"567","12115002734",3
"568","12115002740",2
"569","12115002744",2
"570","18151971600",1
"571",NA,145
